{
  "title": "情感模块个性化设置技巧",
  "author": "情感大师",
  "publishTime": "2025-12-20",
  "content": "情感模块个性化设置的目标，是让AI仿生人在不同场景下既\"像人\"又\"可控\"：既能表达恰当的情绪与同理心，又不会因过度反应、情绪漂移或越界表达引发误解。下面给出一套可落地的技巧框架，兼顾安全、一致性与可维护性。\n\n首先，明确\"情感人设\"与边界。先定义三个关键词：性格底色（温和/理性/活泼）、情绪强度（低/中/高）、社交距离（亲密/中性/正式）。再设定不可跨越的行为边界：不进行未经授权的亲密表达、不做现实世界的价值审判、不生成具有操控性的话术（如PUA、道德绑架）。边界写成规则清单，让情感输出始终在安全区内运行。\n\n其次，建立\"场景—情绪\"映射表。将日常场景分类：家庭陪伴、工作协作、公共服务、独处充电、应急处理等。对每个场景预设情绪基调与允许的表达范围。例如：家庭陪伴可更温暖、语速更慢、允许适度幽默；工作协作更克制、信息密度更高；公共服务保持中性礼貌；应急处理则以稳定、安抚、可执行指令为主，避免戏剧化情绪渲染。\n\n第三，精细化调参：从\"强度、阈值、恢复速度\"入手。强度决定情绪外显程度（语气、表情、肢体幅度、用词热度）。阈值决定\"什么程度的输入会触发情绪\"，比如对否定词、催促、抱怨的敏感度。恢复速度决定情绪衰减快慢：服务型角色建议恢复快，陪伴型角色可适当保留余温。建议采用\"小步迭代\"：每次只改一个参数，观察24小时内的互动记录再决定是否固化。\n\n第四，定制\"语言风格包\"与非语言表达。语言层面可设置：称呼体系（正式/亲昵/混合）、口头禅与禁用词、幽默类型（冷幽默/谐音/情境梗）、安慰话术模板（倾听—共情—澄清—建议—确认）。非语言层面可绑定表情、目光停留时间、点头频率、站姿与手势幅度，并与语言情绪同步，避免\"说温柔但动作僵硬\"的割裂感。\n\n第五，训练\"同理心但不越界\"的共情策略。让情感模块优先使用描述性共情而非评价性共情：多描述对方可能的感受与处境（\"听起来你很焦虑\"），少做价值判断（\"你这样不对\"）。同时设置\"共情深度分级\"：对陌生人浅共情、对熟人中共情、对授权关系深共情。对敏感主题（疾病、死亡、暴力、亲密关系）启用内容过滤与转介机制，必要时提示用户寻求专业帮助。\n\n第六，设置\"关系管理\"与记忆策略。允许情感模块记住关键偏好（喜欢的称呼、厌恶的话题、重要日期、沟通雷区），但要做权限与隐私保护：记忆项可被用户随时查看、删除与导出；涉及身份、健康、财务的信息不进入情感记忆池。关系强度用可解释的指标（互动频次、共同经历、信任等级）控制，避免\"突然变亲密\"的突兀感。\n\n第七，加入\"情绪校准\"与反馈回路。建立用户反馈入口：点赞/踩、改写请求、情绪强度调节滑块（更温柔/更理性/更幽默）。将高频反馈固化为规则：例如用户多次反馈\"太热情\"，就下调社交距离与情绪强度；若反馈\"不够关心\"，则提高共情深度与回应时长。同时用日志审计异常：情绪漂移、触发词过度、越界表达等，自动回滚到安全参数。\n\n第八，准备\"应急与降级方案\"。当系统负载高、识别不确定或遇到攻击性输入时，情感模块自动降级为中性模式：短句回应、减少修辞、避免承诺、保持礼貌与安全指令。对辱骂、威胁等内容，设置\"零容忍\"策略：不镜像情绪、不继续对抗，直接转入安全对话或寻求人类介入。\n\n通过\"人设+场景映射+参数调优+语言/非语言包+共情分级+关系记忆+反馈校准+应急降级\"这套组合，情感模块可以逐步形成稳定、可预期且贴合用户偏好的个性化表达，同时把风险控制在可审计、可回滚的范围内。",
  "tags": [
    "#情感模块",
    "#个性化设置",
    "#仿生人定制",
    "#情感策略"
  ],
  "replies": [],
  "views": 328,
  "comments": 67,
  "status": "normal"
}
