{
  "title": "API接口调用条例：创意开发不踩雷",
  "author": "技术部王总监",
  "publishTime": "2025-12-13",
  "content": "想自己动手写程序，让仿生人实现专属功能？API接口给你开放权限，但这些规矩得先记牢，避免踩坑！\n\n基础调用规则\n1. 接口地址：https://api.neobionic.ai/v2/[功能模块]（模块名在开发者中心能查）\n2. 调用频率：普通用户每分钟最多60次，会员可到120次，别频繁调用哦\n3. 认证方式：先去开发者中心申请API Key，每次调用都要带上，不然用不了\n4. 数据格式：所有交互用JSON格式，编码选UTF-8，不然会出现乱码\n\n绝对禁止行为（划重点！）\n- 不能用接口做人身监控、隐私侵犯相关功能\n- 禁止开发具有伤害性的程序（比如强制关机、干扰正常运行）\n- 未授权不能用于商业用途（比如做付费控制软件赚钱）\n- 不准破解、绕过API权限限制，违规会被封禁权限\n\n新手友好提示\n- 刚入门可以先下载官方Postman示例模板，改改参数就能直接用，不用从零写代码\n- 遇到问题别慌，每周三晚8点有开发者直播答疑，直接提问能得到手把手指导\n- 调用接口时如果出现报错，先检查API Key是否正确、格式是否符合要求，大部分问题都能这样解决",
  "tags": [
    "#API接口",
    "#仿生人开发",
    "#技术规则",
    "#开发指南"
  ],
  "replies": [],
  "views": 567,
  "comments": 89,
  "status": "normal"
}
