{
  "title": "AI仿生人的“聪明大脑”优化方案：从仿生逼近到效能跃升",
  "author": "AI研究员",
  "publishTime": "2025-12-16",
  "content": "AI仿生人就像有了\"骨架\"的机器人，而神经网络就是它的\"聪明大脑\"。现在这颗\"大脑\"有个核心问题：既要像人类大脑一样精准感知、灵活反应（仿生精度），又要干活快、不费电（运行效能），这两点很难兼顾——就像普通电脑要么算得快但费电，要么省电但反应慢。接下来，我们用通俗的方式讲讲怎么优化这颗\"大脑\"，内容既有专业逻辑，也能轻松看懂。\n\n优化\"大脑\"先得给它喂对\"养料\"，这里的\"养料\"就是数据。就像人类学习需要看、听、摸多方面体验，AI仿生人也需要多维度数据才能适应复杂环境。我们会给它配齐\"五官+触觉\"：整合摄像头（视觉）、触觉传感器（触摸）、力反馈装置（比如拿东西的力度）的数据，比如参考专业灵巧手的精准力度采集技术，让它清楚\"拿鸡蛋要轻、拧螺丝要用力\"。如果某些特殊场景的数据少（比如极端高温环境作业），就用类似\"AI画画\"的技术（生成对抗网络）造点模拟数据，帮它提前\"演练\"。最后把数据分成三部分：7份用来\"上课学习\"，1.5份用来\"复习巩固\"，1.5份用来\"考试检验\"，确保它在复杂环境下也不\"掉链子\"。\n\n光有好\"养料\"还不够，\"大脑\"的\"结构\"得像人类大脑才高效。传统AI的\"神经元\"就像简单计算器，只能做基础运算；我们要把它改成\"多功能工作站\"——模拟人类大脑神经元的\"树突\"结构（就像信号分拣站），让单个\"神经元\"能处理更复杂的信息，效率相当于原来5-8个普通\"神经元\"。同时给\"大脑\"\"减肥增效\"：通过特殊技术识别无用的\"神经连接\"并精简，就像清理手机冗余文件，让\"大脑\"参数减少44%，但反应速度更快，还不影响\"聪明度\"，刚好适配仿生人身上小巧的嵌入式硬件（类似手机芯片比电脑芯片小但够用）。另外参考人类大脑\"感知、思考、行动\"分工明确的特点，把\"大脑\"分成对应模块，让信息传递更顺畅。\n\n最后是\"训练方法\"的优化，就像教孩子学习要讲究节奏。传统训练\"大脑\"的节奏固定，容易出现\"学太快记不牢\"或\"学太慢效率低\"；我们采用\"动态节奏\"：前期学快点打基础，后期学慢点抠细节。还借鉴人类大脑\"越用越灵活\"的规律（赫布学习），让\"大脑\"能跟着环境变化调整自己。同时根据硬件性能调整\"学习批量\"，就像根据书桌大小安排书本数量，再加上\"防学死\"机制（正则化），避免它只会\"死记硬背\"，遇到新情况就懵，最终实现\"学得快、记得牢、会灵活运用\"。\n\n这套优化方案已经初步见效：比如在工业运维中，搭载它的仿生人能精准操作高压线，效率是人工的3倍；交互时也能做出更自然的表情。未来我们会继续让这颗\"大脑\"更像人类大脑，同时配合更节能的专用芯片，让AI仿生人既聪明又耐用。简单说，我们的目标就是让AI仿生人的\"大脑\"，既有科学家的精准，又有普通人的灵活。",
  "tags": [
    "#神经网络",
    "#AI优化",
    "#仿生技术",
    "#技术方案"
  ],
  "replies": [],
  "views": 1256,
  "comments": 234,
  "status": "featured"
}
