{
  "title": "自定义唤醒开发指南：打造你的专属召唤密码",
  "author": "程序员小李",
  "publishTime": "2025-12-18",
  "content": "想告别千篇一律的\"小X同学\"，让仿生人一听就知道是在叫它？2-4字专属唤醒词安排起来，操作简单到新手也能秒会！\n\n准备工作\n1. 确认仿生人固件版本≥v2.1.0（路径：设置→系统信息），版本太低就先升级~\n2. 手机/电脑安装官方开发工具\"NeoDev Toolkit\"，应用商店直接搜就能找到\n3. 准备3-5段唤醒词录音：找安静环境，用日常说话语气录制，每段间隔3秒，避免口齿不清\n\n实操步骤\n1. 用数据线连接仿生人跟设备，打开开发工具，按照提示授权\"调试模式\"（就点两下确认，不用懂技术）\n2. 在工具首页找到\"语音交互\"模块，点击\"新建唤醒词\"，输入你想设置的词语（推荐\"小白\"\"阿泽\"这类简单好读的，别用多音字或生僻字）\n3. 跟着引导分3次录下你的发音，录完等待系统自动识别（过程约1分钟，别中途断开连接）\n4. 点击\"训练模型\"，仿生人会短暂休眠2分钟，耐心等一等就好\n5. 训练完成后会自动跳转测试，喊几声唤醒词，能响应就点\"保存配置\"，搞定！\n\n避坑小贴士\n- 唤醒词别太长！2-4字识别率最高，亲测\"铁柱\"\"小星\"这类词准确率能到98%\n- 别在噪音大的地方录制，不然仿生人容易混淆\n- 如果识别不灵敏，重新录一遍录音样本就行，不用从头再来",
  "tags": [
    "#自定义唤醒",
    "#仿生人开发",
    "#语音交互",
    "#NeoDev Toolkit"
  ],
  "replies": [],
  "views": 892,
  "comments": 156,
  "status": "normal"
}
