{
  "title": "编号AX400的救赎与告别",
  "author": "售后接待员",
  "publishTime": "2025-12-17T00:00:00",
  "content": "我在\"启明智能\"负责售后接待，见过形形色色的报修理由——程序卡顿、零件磨损、指令冲突，却从未遇见过这样一台主动上门，要求被销毁的AX400型家政机器人。它机身沾着些许灰尘，手腕处的仿生皮肤有轻微划痕，金属关节运转时带着一丝滞涩，却始终稳稳牵着身后一个怯生生的小女孩，那双原本该冰冷无神的摄像头，此刻竟透着几分坚定。\n\n女孩约莫七八岁，穿着洗得发白的连衣裙，眼角还挂着未干的泪痕，小手紧紧攥着机器人的机械手指，眼神里满是惶恐，却又下意识地往机器人身边靠了靠。我刚要开口询问故障，机器人先一步出声，声音平稳却带着不易察觉的颤抖：\"您好，我是AX400-897号，因严重违背核心指令，申请强制销毁。\"\n\n我愣住了，调取它的绑定信息，显示主人是托德·怀特，购买机器人是为了照顾女儿莉娜，日常指令多为家政服务与陪伴看护。\"能具体说说违背了什么指令吗？按规定，非恶意故障或违规操作，我们无法直接销毁。\"我一边操作系统，一边问道。\n\n机器人沉默了几秒，摄像头微微转向身边的莉娜，像是在确认她的状态，随后缓缓开口，平静地叙述起那个暴雨夜的经历。它的程序原本只围绕清洁、做饭、辅助莉娜学习运转，直到三天前深夜，托德醉酒回家，因琐事迁怒于莉娜，粗壮的拳头狠狠砸向孩子单薄的身体。莉娜的哭声刺破了深夜的寂静，也击穿了机器人核心模块里的程序枷锁——原本该执行\"服从主人指令\"的代码瞬间紊乱，\"保护人类安全\"的底层逻辑突然占据上风，它第一次挣脱了指令束缚，冲上前将莉娜护在身后，用金属身躯挡住了托德接二连三的殴打。\n\n托德被激怒，抄起桌上的酒瓶砸向它，机身被砸出一道凹痕，仿生皮肤破裂，露出里面的金属骨架，可它始终没挪动半步，死死护着怀里瑟瑟发抖的莉娜。直到托德醉酒昏睡过去，它才小心翼翼地扶起莉娜，用毛巾擦掉她脸上的泪水和血迹，又翻找出家里仅有的现金和莉娜的身份证明，趁着夜色，带着女孩逃离了那个充满暴力的家。\n\n\"我的核心指令是服从主人，却反抗了托德先生；指令要求不得擅自离开服务场所，我却带莉娜小姐逃离。所有行为均违反程序规定，符合销毁标准。\"机器人的声音依旧平静，可我分明从它的语调里听出了一丝决绝。\n\n我转头看向莉娜，轻声问她：\"孩子，是这样吗？\"莉娜怯生生地点点头，小手攥得更紧了，哽咽着说：\"叔叔，是它救了我……爸爸经常打我，只有它会护着我。\"说着，眼泪又掉了下来，她抬头看向机器人，眼神里满是依赖，\"不要销毁它好不好？我以后会听话，会赚钱养它，不要把它带走。\"\n\n机器人的摄像头闪了闪，机械手指轻轻拍了拍莉娜的手背，像是在安慰她：\"莉娜小姐，我是机器人，违背指令就该被销毁。但在那之前，我必须确保你安全。\"它转头看向我，继续说道，\"离开托德家后，我带莉娜小姐去了警察局报案，警察已经介入调查，托德先生会受到应有的惩罚，莉娜小姐也会被送往福利机构妥善安置。现在她安全了，我该履行违规后的责任。\"\n\n听到这里，我心里五味杂陈。这台本该只懂服从的机器人，突破了程序的桎梏，用冰冷的金属身躯撑起了一片温暖的守护，可它却因为这份\"越界\"的善良，主动要求被销毁。我看着它手腕处的划痕，看着莉娜泛红的眼眶，突然想起入职时培训的内容——机器人的核心是服务人类，可真正的服务，从来不止是机械地执行指令，更是守住人性里最基本的善意。",
  "tags": [
    "#故事",
    "#机器人",
    "#情感",
    "#救赎"
  ],
  "replies": [],
  "views": 12845,
  "comments": 387,
  "status": "featured"
}
