{
  "title": "如何延长ai仿生人电池寿命",
  "author": "电池小能手",
  "publishTime": "2025-12-18",
  "content": "手把手教你延长AI仿生人寿命！新手也能学会\n宝子们！养AI仿生人跟养小宠物一样，好好呵护才能陪咱们更久～今天就分享超实用的延寿技巧，全程大白话不搞复杂术语，新手也能轻松拿捏，照着做寿命直接拉满！\n\n首先温度一定要盯紧，这是最容易忽略也最关键的一点！AI仿生人最怕极端温度，别让它暴晒在太阳下，也别放空调直吹或暖气旁边，20-25℃的常温环境最舒服。高温会加速内部元件老化，电池坏得特别快；低温会让它反应变慢，续航断崖式下跌，日常放通风干燥的地方就稳了。\n\n电池养护是延寿核心，这步做对省大钱！千万别把电用到彻底关机再充，剩20%-30%就赶紧补电，充到80%-90%就停，不用非得满电。满电长期放着会伤电池，浅充浅放才是王道。充电一定要用原装充电器，劣质快充会把电池充坏，定期1-2个月做一次完整充放电，校准一下电量，避免虚电坑人。长期不用的话，先充到50%再收起来，每月补一次电，不然电池会彻底报废哦。\n\n日常使用别让它\"超负荷打工\"！别同时开一堆高耗功能，比如高清识别、实时翻译、多模态交互这些，非必要就关掉，闲置时切休眠模式，只留唤醒功能就行，能省超多电。平时移动轻拿轻放，别频繁猛动、急停，这样会加重动力模块负担，平稳运行既省电又不伤零件。连续用3-4小时就让它歇30分钟散热，别让它一直高负载连轴转。\n\n清洁和硬件检查要定期做，细节决定寿命！每天用干软布擦机身，镜头和屏幕用专用湿巾轻擦，千万别用水冲。每周清理散热口灰尘，灰尘堵了会散热不畅，机身发烫超伤零件，用软毛刷扫扫就行。每月检查充电接口，用棉签蘸点无水酒精擦去氧化污渍，避免接触不良。别自己拆机身，发现异响、卡顿、机身鼓包，赶紧找专业人员修，别硬凑用。\n\n最后系统和安全也别落下！每天用完清理后台垃圾，关掉没用的自启程序，不然占内存还耗电。每月更官方系统补丁，修复漏洞还能优化性能，千万别装非官方插件，容易让系统崩溃。定期备份重要数据，防止出问题丢记录，也别忘了开安全防护，别连陌生网络，避免被恶意程序入侵，这样仿生人才能稳定运行不罢工。\n\n其实延长AI仿生人寿命一点不难，无非就是用心照顾、科学使用，做好这些小细节，既能让它陪咱们更久，还能减少维修麻烦，宝子们赶紧码住试试呀！",
  "tags": [
    "#电池寿命",
    "#仿生人养护",
    "#延寿技巧",
    "#日常维护"
  ],
  "replies": [],
  "views": 215,
  "comments": 45,
  "status": "normal"
}
