[
  {
    "id": 1,
    "title": "我的AI仿生人无法连接到家庭网络怎么办？",
    "author": "User92837",
    "category": "latest_posts",
    "time": "2025-12-26T19:08:00",
    "views": 128,
    "comments": 5,
    "status": "normal",
    "contentFile": "post1.json",
    "content": "最近更新系统后，我的仿生人的网络连接功能出现问题，无法连接到WiFi，尝试了重启和重新配置都无效，有人遇到类似问题吗？急需解决方案，谢谢大家的帮助！"
  },
  {
    "id": 2,
    "title": "分享：如何提升AI仿生人学习效率的小技巧",
    "author": "ExpertUser",
    "category": "latest_posts",
    "time": "2025-12-26T18:45:00",
    "views": 245,
    "comments": 12,
    "status": "solved",
    "contentFile": "post2.json",
    "content": "分享几个提升AI仿生人学习效率的实用技巧，包括优化学习环境、合理安排学习时间、利用奖励机制等，帮助您的仿生人更快掌握新技能，提升日常使用体验。"
  },
  {
    "id": 3,
    "title": "AI仿生人情感模块调试方法",
    "author": "TechSupport",
    "category": "hot_posts",
    "time": "2025-12-25T14:30:00",
    "views": 542,
    "comments": 89,
    "status": "normal",
    "contentFile": "post3.json",
    "content": "如何调整您的AI仿生人的情感响应，使其更符合您的使用需求。通过精细调节情感参数，可以让仿生人展现出更丰富的情感表达，提升用户互动体验，让交流更加自然流畅。"
  },
  {
    "id": 4,
    "title": "如何延长AI仿生人电池寿命",
    "author": "BatteryExpert",
    "category": "hot_posts",
    "time": "2025-12-23T16:20:00",
    "views": 215,
    "comments": 45,
    "status": "normal",
    "contentFile": "post4.json",
    "content": "分享实用的电池维护技巧，包括正确的充电方式、使用习惯调整、电池健康监测等，帮助您有效延长AI仿生人的电池使用寿命，减少更换电池的频率和成本。"
  },
  {
    "id": 5,
    "title": "自定义AI仿生人个性设置教程",
    "author": "CustomDev",
    "category": "hot_posts",
    "time": "2025-12-24T09:15:00",
    "views": 328,
    "comments": 67,
    "status": "normal",
    "contentFile": "post5.json",
    "content": "详细介绍如何自定义AI仿生人的个性设置，包括语言风格、行为模式、兴趣爱好等多个方面的配置，让您的仿生人拥有独一无二的个性化特征，更好地融入您的生活。"
  },
  {
    "id": 6,
    "title": "AI仿生人常见故障排除指南",
    "author": "TechSupport",
    "category": "hot_posts",
    "time": "2025-12-20T10:30:00",
    "views": 427,
    "comments": 156,
    "status": "normal",
    "contentFile": "post6.json",
    "content": "汇总AI仿生人使用过程中常见的故障现象及其排除方法，涵盖网络连接、语音识别、运动控制等多个系统模块，提供详细的故障诊断步骤和解决方案，帮助用户快速解决问题。"
  },
  {
    "id": 7,
    "title": "编号AX400的救赎与告别",
    "author": "售后接待员",
    "category": "story",
    "time": "2025-12-17T00:00:00",
    "views": 12845,
    "comments": 387,
    "status": "featured",
    "contentFile": "post7.json",
    "content": "一个关于AI仿生人AX400的感人故事，讲述了它从出厂、服役到最终退役的全过程，见证了人与AI之间深厚的情感纽带，引发了对AI生命价值的深刻思考，触动人心，令人回味无穷。"
  },
  {
    "id": 101,
    "title": "延长AI仿生人电池寿命的技巧",
    "author": "电池专家",
    "category": "experience",
    "time": "2025-12-16T00:00:00",
    "views": 542,
    "comments": 89,
    "status": "normal",
    "contentFile": "post101.json",
    "content": "专业电池维护经验分享，包括温度控制、充放电周期管理、电池校准等高级技巧，帮助用户深入了解电池工作原理，科学使用和保养电池，显著延长AI仿生人的续航时间。"
  },
  {
    "id": 102,
    "title": "情感模块个性化设置技巧",
    "author": "情感调试师",
    "category": "experience",
    "time": "2025-12-15T00:00:00",
    "views": 328,
    "comments": 67,
    "status": "normal",
    "contentFile": "post102.json",
    "content": "深入讲解情感模块的个性化设置方法，通过调节情感阈值、响应速度、表情丰富度等参数，打造符合个人喜好的AI仿生人情感表现，让交互体验更加个性化和富有温度。"
  },
  {
    "id": 103,
    "title": "日常维护注意事项汇总",
    "author": "维护达人",
    "category": "experience",
    "time": "2025-12-14T00:00:00",
    "views": 215,
    "comments": 45,
    "status": "normal",
    "contentFile": "post103.json",
    "content": "全面总结AI仿生人日常维护的注意事项，包括定期清洁、系统更新、硬件检查、软件优化等方面，提供详细的维护清单和时间表，帮助用户建立科学的维护习惯，保持仿生人最佳状态。"
  },
  {
    "id": 201,
    "title": "自定义唤醒词开发指南",
    "author": "程序猿A",
    "category": "custom",
    "time": "2025-12-16T00:00:00",
    "views": 632,
    "comments": 124,
    "status": "normal",
    "contentFile": "post201.json",
    "content": "详细讲解如何为AI仿生人开发自定义唤醒词，包括语音识别原理、开发环境搭建、代码实现步骤、测试方法等，适合有一定编程基础的开发者学习，打造专属的唤醒方式。"
  },
  {
    "id": 202,
    "title": "第三方插件接入教程",
    "author": "程序猿B",
    "category": "custom",
    "time": "2025-12-15T00:00:00",
    "views": 418,
    "comments": 98,
    "status": "normal",
    "contentFile": "post202.json",
    "content": "全面介绍第三方插件的接入方法，包括插件系统架构、API接口调用、权限配置、调试技巧等内容，帮助开发者扩展AI仿生人的功能，实现更多定制化应用场景，提升使用价值。"
  },
  {
    "id": 203,
    "title": "API接口调用示例",
    "author": "技术总监",
    "category": "custom",
    "time": "2025-12-13T00:00:00",
    "views": 356,
    "comments": 76,
    "status": "normal",
    "contentFile": "post203.json",
    "content": "提供丰富的API接口调用示例代码，涵盖语音交互、数据查询、远程控制等多个功能模块，每个示例都包含详细注释和使用说明，方便开发者快速上手集成开发。"
  },
  {
    "id": 301,
    "title": "神经网络模型优化方案",
    "author": "AI研究员",
    "category": "advanced",
    "time": "2025-12-16T00:00:00",
    "views": 489,
    "comments": 102,
    "status": "normal",
    "contentFile": "post301.json",
    "content": "深入探讨AI仿生人神经网络模型的优化策略，包括模型压缩、算力优化、推理加速等技术方案，帮助研究人员和开发者提升模型性能，在有限的硬件资源下实现更高效的智能表现。"
  },
  {
    "id": 302,
    "title": "多模态交互技术解析",
    "author": "交互设计师",
    "category": "advanced",
    "time": "2025-12-14T00:00:00",
    "views": 325,
    "comments": 87,
    "status": "normal",
    "contentFile": "post302.json",
    "content": "全面解析AI仿生人的多模态交互技术，涵盖语音、视觉、触觉等多种交互方式的融合应用，介绍最新的交互设计理念和技术实现方案，为提升用户体验提供理论指导和实践参考。"
  },
  {
    "id": 303,
    "title": "未来功能 roadmap 预测",
    "author": "行业观察员",
    "category": "advanced",
    "time": "2025-12-12T00:00:00",
    "views": 298,
    "comments": 65,
    "status": "normal",
    "contentFile": "post303.json",
    "content": "基于当前技术发展趋势，预测AI仿生人未来的功能演进路线图，包括更高级的自主学习能力、更自然的情感表达、更丰富的应用场景等，为用户提供前瞻性的产品规划参考。"
  }
]
