{
  "title": "第三方插件接入教程：让仿生人秒变万能助手",
  "author": "程序员小张",
  "publishTime": "2025-12-21",
  "content": "想让仿生人帮你查快递、讲笑话、查天气，甚至陪你玩歌词接龙？第三方插件安排上，步骤简单到不用懂技术！\n\n热门实用插件推荐\n- 生活助手包（安全认证）：包含天气查询、快递跟踪、日程提醒，日常刚需全覆盖\n- 娱乐互动集（社区热门）：笑话库、猜谜游戏、歌词接龙，无聊时能解闷\n- 效率工具组（官方推荐）：语音转文字、倒计时、单位换算，办公学习都能用\n\n安装方法（两种可选，新手选第一种）\n方法一：官方应用商店安装（最省心）\n1. 打开仿生人主页，找到\"应用商店\"，点击进入\"第三方插件\"专区\n2. 找到想要的插件，点击\"安装\"，输入管理员密码（就是你设置的开机密码）\n3. 等待10秒自动安装完成，重启仿生人后就能用了\n\n方法二：本地手动安装（适合有插件文件的情况）\n1. 下载插件的.npk格式文件，存到U盘里\n2. 把U盘插入仿生人背部的USB接口\n3. 路径：设置→系统→本地应用安装，找到U盘里的插件文件\n4. 同意权限申请，等待30秒安装完成，拔掉U盘即可\n\n注意事项\n- 只装官方认证或社区评分4星以上的插件，不明来源的插件可能让系统卡顿\n- 插件装太多会拖慢运行速度，留常用的3-5个就够了\n- 安装后如果出现闪退，卸载重装就能解决",
  "tags": [
    "#第三方插件",
    "#仿生人开发",
    "#插件安装",
    "#扩展功能"
  ],
  "replies": [],
  "views": 743,
  "comments": 128,
  "status": "normal"
}
