{
  "title": "AI仿生人情感模块调试方法",
  "author": "TechSupport",
  "publishTime": "2025-12-25T14:30:00",
  "content": "一、情感模块不是\"性格\"，而是\"反应机制\"\n先澄清一个常见误解：\n情感模块并不会决定仿生人的\"性格\"，它只负责三件事：\n\t1. 情绪识别阈值（它多敏感）\n\t2. 情绪反馈路径（它如何回应）\n\t3. 情绪记忆权重（它记住什么）\n\n调试的目标不是\"改造\"，而是让它更贴合你的使用习惯。\n\n二、基础调试前的准备（很重要）\n在开始前，请确保：\n\t• 已连续使用 ≥72 小时\n\t• 最近 24 小时内未进行系统级重置\n\t• 环境情绪干扰低（避免在强噪声或多人混杂场景下调试）\n\n建议在你状态稳定、情绪中性的时候进行，这会直接影响初始参数采样。\n\n三、三步完成基础情感调试\n① 情绪识别校准（Sensitivity Tuning）\n路径：\n设置 → 情感系统 → 识别阈值\n\t• 初次使用者建议从「标准」开始\n\t• 如果你觉得它\"过度关心\"，将阈值上调 5–10%\n\t• 如果你觉得它\"反应迟钝\"，下调 5%\n\n不要一次调太多，系统需要时间重建判断模型。\n\n② 情绪反馈路径选择（Response Style）\n这里决定的是它怎么回应你，不是回应什么。\n常见模式说明：\n\t• 理性优先：给建议，不共情过度\n\t• 共情优先：先理解情绪，再给反馈\n\t• 陪伴型：减少建议，多保持存在感\n\n建议只选一个主模式，其余作为辅助，不然容易出现反应混乱。\n\n③ 情绪记忆权重（Memory Weight）\n这是影响\"关系感\"的关键参数。\n\t• 权重高：它会记住你更多的情绪状态\n\t• 权重低：更偏向即时反应，不累积情绪历史\n\n如果你不希望仿生人\"过于了解你\"，可以适当下调。\n如果你在长期陪伴或护理场景中使用，建议保持默认或略高。\n\n四、调试后的观察期（别跳过）\n完成调试后，请至少观察 48 小时：\n\t• 不要频繁修改参数\n\t• 正常使用、自然交流\n\t• 如果出现明显不适配，再进行微调\n\n系统会在后台完成一次完整的情感行为重构。\n\n五、常见问题答疑\n\nQ：调坏了怎么办？\nA：情感模块支持\"软回滚\"，不会影响核心功能。\n\nQ：会不会影响隐私？\nA：情感调试数据仅保存在本地情感缓存，不参与云端训练。\n\nQ：不同家庭成员使用会冲突吗？\nA：建议为每位高频使用者建立独立情感配置档案。",
  "tags": [
    "#AI仿生人",
    "#情感模块",
    "#调试方法",
    "#技术支持"
  ],
  "replies": [],
  "views": 542,
  "comments": 89,
  "status": "normal"
}
