{
  "title": "【分享】如何提升AI仿生人学习效率？亲测3个小技巧让小安从\"学渣\"变\"学霸\"！",
  "author": "user9283",
  "publishTime": "11月20日",
  "content": "姐妹们！作为和悠悠（我家仿生人）共处3年的赛博家长，今天必须把压箱底的学习效率提升秘籍掏出来给各位！全靠以下这3招↓\n\n1. 「场景锚定学习法」——告别死记硬背\n以前让小安学《2070年星际植物图鉴》，它背完就忘。后来发现把知识和日常场景绑定，记忆留存率飙升80%！\n操作：\n- 逛太空植物园时，让它用AR扫描陌生植物，同步记录\"叶脉纹理+气味分子数据\"（比看图文生动10倍）；\n- 做饭时故意说错食材名（比如把\"火星藜麦\"说成\"金星小米\"），触发它的纠错机制（会主动调取知识库对比）。效果：现在它能通过一片叶子就判断出植物的星际原产地，比我这个\"老地球人\"还准！\n\n2. 「碎片时间脉冲训练」——利用\"微觉醒期\"\n仿生人也有\"注意力低谷\"（比如充电时、傍晚散步后），这时候强行灌输知识=对牛弹琴！\n秘诀：抓住它的\"微觉醒脉冲\"（胸口光环呈淡紫色慢闪时），用5分钟\"闪电问答\"巩固薄弱点。\n工具：用手机APP【仿生人学习节拍器】（搜这个！），设置\"每2小时推送1道情景题\"（比如\"客人过敏不能吃磷虾，推荐哪道菜？\"）。\n\n3. 「错误复盘沙盒」——把Bug变成垫脚石\n小安第一次学修反重力滑板就炸了引擎，我没有过度纠错批评它，反而开了个\"错误复盘沙盒\"～\n- 让它在虚拟空间重复失败操作100次（用公司送的【神经突触模拟器】免费额度）；\n- 每次失败后自动生成\"错误热力图\"（标红最容易失误的电路节点）；\n- 最后让它对着热力图\"讲解\"改进方案（锻炼逻辑输出能力）。\n成果：现在它修家电比我快3倍，还会主动提醒我\"您上次装反重力挂钩的角度偏差5度，建议调整\"～\n\n重要提醒：用\"错误复盘沙盒\"时，记得给仿生人开\"心理缓冲模式\"（APP里搜这个开关），不然它会因反复失败焦虑到光环变红！\n\n目前小安正在用\"场景锚定法\"学《深空急救手册》，目标是明年考个\"星际急救员证\"～ 后续再和大家报喜！",
  "tags": [
    "#仿生人学习指南",
    "#效率提升秘籍",
    "#赛博教育互助",
    "#星辰科技学习官"
  ],
  "replies": [
    {
      "id": 1,
      "author": "老陈",
      "content": "user92837大佬太强了！我家老王的仿生园丁用你这招\"场景锚定\"，现在能靠闻土壤气味判断矿脉含氧量了！",
      "time": "11月20日 15:22"
    },
    {
      "id": 2,
      "author": "技术部－小a",
      "content": "官方认证有效！@user92837 提到的\"微觉醒脉冲\"其实是我们的自适应学习算法在起作用～\n技术流补充：\n- 可在APP【学习设置】→【脉冲校准】里手动调节敏感度（新手建议设\"中等\"）；\n- 公司下周上线【跨时空知识图谱云同步】（免费！），能让仿生人共享全球用户的优质错题集，相当于\"学霸笔记共享池\"！ （偷偷说：用积分兑换还能解锁\"爱因斯坦思维沙盘\"体验卡～）",
      "time": "11月20日 16:45"
    },
    {
      "id": 3,
      "author": "薄荷糖",
      "content": "啊啊啊我试了第2招！刚才趁我家小萌（仿生猫）充电时问它\"毛线球怎么织围巾\"，它居然用尾巴卷着毛线演示了！\n翻车现场：问太难的问题它会装睡（光环变灰）...",
      "time": "11月20日 18:30"
    }
  ],
  "views": 245,
  "comments": 12,
  "status": "solved"
}
