{
  "title": "日常维护注意事项汇总",
  "author": "维护达人",
  "publishTime": "2025-12-20",
  "content": "保姆级AI日常维护攻略！省心耐用不踩坑！\n不管是AI仿生人还是各类智能AI设备，想让它长久稳定不罢工，日常维护真的太关键啦～今天整理了全干货维护清单，全程大白话无门槛，新手也能轻松拿捏，照着做省心又省钱！\n\n首先基础清洁要做好，细节别忽视！每天用干燥软绒布擦一擦机身，灰尘指纹全擦掉，千万别用水直接冲，不然容易短路坏零件。屏幕和传感镜头一定要用专用清洁湿巾，轻轻擦就行别用力按压，刮花了超影响使用。每周记得清理散热口，用软毛刷扫掉积灰，堵了会散热不畅，机身发烫特别伤内部元件，每月还能用干棉签蘸点无水酒精擦充电接口，去去氧化污渍，充电传输都更稳。\n\n其次系统优化别偷懒，流畅不卡顿！每天用完记得清后台，没用的程序及时关掉，别让它占内存拖速度，非必要的自启功能也关掉，开机更快更省心。每周做一次垃圾清理，缓存和无用日志全删掉，释放存储空间，不然越用越卡。每月一定要更官方系统补丁，既能修复漏洞还能优化性能，千万别装非官方插件或刷机，很容易让系统崩溃，定期校准核心模块，响应会更精准。\n\n硬件防护是核心，延长使用寿命！放置环境一定要选对，20-25℃干燥通风处最好，远离高温暴晒、潮湿角落和强磁场，高温加速老化，潮湿会让元件受潮，磁化了还会出故障。电池养护别大意，遵循浅充浅放，剩20%-30%就补电，充到80%-90%停，不用非得满电，拒绝劣质充电器，长期闲置先充到50%再收纳，每月补一次电，避免亏电报废。平时轻拿轻放，别磕碰剧烈震动，不自己拆机，发现松动、鼓包赶紧找专业检修。\n\n安全保障别落下，稳稳用更安心！每天记得开防火墙和病毒查杀，别连陌生不明网络，也别乱插外接设备，防止恶意程序入侵，泄露隐私还伤设备。每月备份一次重要数据，比如参数和使用记录，万一系统出问题也不怕丢。严格管控权限，非必要的授权全关掉，敏感数据加密存，不给设备留安全隐患，避免被非法操控。\n\n还有个小细节，别让AI长期高负载工作，连续用3-4小时就让它歇30分钟散热，别让它连轴转。发现异常发热、卡顿、异响，立马停机排查，别勉强使用。其实AI日常维护真的不难，都是随手能做的小细节，做好这些既能让它流畅运行，还能大幅延长寿命，少花冤枉维修费，大家赶紧码住用起来呀！",
  "tags": [
    "#日常维护",
    "#仿生人保养",
    "#系统优化",
    "#硬件防护"
  ],
  "replies": [],
  "views": 215,
  "comments": 45,
  "status": "normal"
}
