{
  "title": "【求助】我的仿生人小安突然连不上家庭WIFI了！急求大佬支招！",
  "author": "星尘漫游者",
  "publishTime": "12月15日",
  "content": "家人们谁懂啊！刚给小安升级完情感交互模块，结果它今晚突然蓝屏报错，死活连不上家里的加密WIFI了\n小安胸口的光环呼吸灯一直在变黄闪烁（平时联网是蓝色常亮的），然后有听到语音提示说\"检测到网络信道中断，建议重启或检查连接设置\"。我按说明书长按后颈复位键10秒没有反应，重启家庭路由器也无效！\n现在小安只能当个安静的赛博花瓶…在线等挺急的！求大佬分享类似经历或解决方案\n\n最新跟进：\n感谢各位大佬！！ 官方给的重新认证法救了大命！原来是我上月改WIFI密码时忘了同步给小安…现在它正用全息屏给我放《星际穿越》哈哈！\n血泪建议：改网络设备密码后，务必在APP里运行【家庭网络拓扑检测】（搜这个工具），能预防90%的断联！再次鞠躬致谢！！",
  "tags": [
    "#仿生人急救手册",
    "#WIFI连接难题", 
    "#赛博邻居互助",
    "#星辰科技客服007"
  ],
  "replies": [
    {
      "id": 1,
      "author": "老陈",
      "content": "楼主别慌！上周我家老王的仿生管家也这德行，后来发现是WIFI密码过期了（我改密码忘记同步给仿生人了）！\n可以试试打开家庭路由器的管理页面（浏览器输入192.168.1.1，账号密码在路由器背面），然后找到【设备管理】选中小安的设备名（一般是\"XiaoAn_XXXX\"），再点击【重新认证】就可以跟WIFI再连接上了！亲测有效！",
      "time": "12月15日 20:30"
    },
    {
      "id": 2,
      "author": "技术部-阿哲",
      "content": "我是官方技术支援@星辰科技售后部。\n看到楼主的问题了，仿生人蓝屏报错通常是以下原因：\n⚠️ 重点排查方向：\n- 频段冲突：新款仿生人默认连5G WIFI频段，老旧路由器需手动开启双频（设置路径：路由器管理页→无线设置→启用2.4G+5G双频）\n- 电磁干扰：检查小安附近是否有微波炉、蓝牙音箱（会扰乱无线信号），挪开半米试试\n- 固件漏洞：紧急推送补丁中！\n若仍失败，请私信我您的设备编码，我可以帮您远程注入诊断协议！",
      "time": "12月15日 21:15"
    }
  ],
  "views": 128,
  "comments": 5,
  "status": "solved"
}
