{
  "title": "AI仿生人的多模态交互：让沟通像和人聊天一样自然",
  "author": "交互设计师",
  "publishTime": "2025-12-14",
  "content": "对交互设计而言，AI仿生人核心价值不是\"像人\"，而是\"能像人一样顺畅沟通\"。多模态交互技术就是实现这一点的关键——它让仿生人能同时\"听懂\"语言、\"看懂\"表情、\"感知\"动作，就像我们和朋友交流时，既听对方说话，也会留意眼神和手势。下面用通俗的方式，拆解这项让仿生人与用户\"心意相通\"的技术。\n\n视觉交互是基础门槛，就像仿生人有了\"会观察的眼睛\"。通过摄像头捕捉用户的面部表情、肢体动作，比如你皱眉时它能识别情绪低落，抬手示意时它能停下动作。我们在设计时，会特意优化识别精度，比如区分\"无意挑眉\"和\"故意示意\"，避免误判；同时让仿生人给出清晰反馈，比如用眼神追随你的动作、用面部表情回应情绪，让你感受到\"它在关注你\"。\n\n语音与触觉交互是提升体验的核心。语音交互不只是\"听懂指令\"，更要像真人对话般自然——比如能识别你的语气轻重，区分\"命令\"和\"请求\"，还能记住上下文，不用反复重复信息。触觉交互则是\"双向感知\"，比如你握它的手时，它能根据力度调整握力，既不会太松滑落，也不会太紧夹痛你；帮你递东西时，能感知物品重量，平稳交付不晃动。\n\n多模态融合是关键加分项。单一交互总有局限，比如嘈杂环境下语音不好用，昏暗环境下视觉识别受影响。我们设计时会让技术\"取长补短\"：比如你边说\"拿杯水\"边指向水杯，仿生人会结合语音指令和手势定位，精准完成动作。这种融合让交互更稳定、更灵活，适配家庭、办公、户外等不同场景。\n\n本质上，多模态交互设计的核心是\"以用户为中心\"。我们不用复杂技术术语，而是让用户在使用时感觉\"不用适应它，它会适应你\"。未来随着技术优化，仿生人还能感知你的温度、心跳等更细腻的信号，让交互从\"顺畅\"迈向\"贴心\"。",
  "tags": [
    "#多模态交互",
    "#仿生人设计",
    "#用户体验",
    "#沟通技术"
  ],
  "replies": [],
  "views": 945,
  "comments": 132,
  "status": "normal"
}
