{
  "title": "延长AI仿生人电池寿命的技巧",
  "author": "电池专家",
  "publishTime": "2025-12-16T00:00:00",
  "content": "延长AI仿生人电池寿命的技巧\n\n不少用户在长期使用后发现：\n续航并没有明显下降，但充放电频率在增加。\n这通常不是电池老化，而是使用习惯在悄悄消耗寿命。\n\n下面整理的是不影响功能、不需要拆机的延寿技巧。\n一、先说结论：电池最怕的不是\"用\"，而是\"被用错\"\n\n仿生人电池属于高密度复合能量单元，真正影响寿命的主要是三点：\n\t• 过深放电\n\t• 高频满充\n\t• 高负载下长时间运行\n\n这些都可以通过设置和习惯避免。\n二、充电方式的三个关键调整\n路径：\n设置 → 能源管理 → 电池策略\n① 避免\"用到自动关机\"\n\n建议电量低于 20% 时进入补能状态。\n频繁触发系统保护性关机会明显缩短循环寿命。\n② 不要长期 100% 满电待机\n\n如果你在家中或固定场所使用：\n\t• 开启「上限充电」\n\t• 将最大电量设为 85%–90%\n这对电池寿命提升非常明显。\n③ 夜间使用\"慢充模式\"\n\n慢充会降低内部温升，尤其适合连续多日使用场景。\n充得慢一点，电池会更稳定。\n三、运行负载管理（很多人忽略）\n① 减少高算力后台常驻\n路径：\n设置 → 系统 → 后台模块\n\t• 关闭不常用的视觉分析、环境扫描\n\t• 保留必要的安全与定位模块即可\n\n后台算力是隐性耗电大户。\n② 合理使用高功率动作模式\n\n长时间开启高扭矩、快速响应模式，会让电池处于持续高压状态。\n非必要场景建议使用「标准动作档」。\n四、环境对电池的影响\n\t• 避免在 过热或过冷环境中充电\n\t• 长时间不用时，保持 40%–60% 电量存放\n\t• 不要将仿生人靠近持续热源或强磁场\n\n这些都会影响能量单元的稳定性。\n五、什么时候该做一次电池校准\n\n如果你发现：\n\t• 电量显示跳变\n\t• 明明还有电却提前提醒充电\n\n可以每 2–3 个月 进行一次系统校准。\n校准不是修复，是重新标定显示与实际容量。\n六、常见问题\n\nQ：快充真的伤电池吗？\nA：偶尔使用没问题，但不适合作为日常充电方式。\n\nQ：一直插着电可以吗？\nA：可以，但建议开启上限充电，避免长期满电。\n\nQ：电池寿命大概多久？\nA：在合理使用下，可稳定维持在设计周期范围内。",
  "tags": [
    "#电池寿命",
    "#仿生人维护",
    "#延寿技巧",
    "#能源管理"
  ],
  "replies": [],
  "views": 542,
  "comments": 89,
  "status": "normal"
}
