{
  "title": "自定义 AI 仿生人个性设置教程",
  "author": "CustomDev",
  "publishTime": "2025-12-24T09:15:00",
  "content": "一、先说明：个性 ≠ 情绪 ≠ 行为\n在设置前，一定要分清三层：\n\t• 个性：长期稳定的表达倾向\n\t• 情绪：短期波动的心理状态\n\t• 行为：在具体场景下的执行方式\n\n本教程只涉及个性层，不会影响核心安全逻辑。\n\n二、进入个性设置前的准备\n请确认以下状态：\n\t• 情感模块已完成基础校准\n\t• 最近 48 小时内未更换主使用者\n\t• 未开启\"快速适配模式\"（新手引导用）\n\n个性塑形依赖长期数据，频繁切换会导致系统回退到平均值。\n\n三、个性设置的三个核心维度\n路径：\n设置 → 人格与行为 → 个性配置\n\n① 表达密度（Expression Density）\n决定它\"话多还是话少\"。\n\t• 低：回应简短，主动性弱\n\t• 中：日常交流自然\n\t• 高：更主动发起对话、反馈细节更多\n\n如果你不喜欢被打断，建议保持中低区间。\n\n② 决策风格（Decision Bias）\n影响它在你犹豫时的表现。\n\t• 建议型：给多个选项\n\t• 倾向型：明确表达偏好\n\t• 服从型：更多跟随你的决定\n\n家庭陪伴场景建议避免极端值，容易产生依赖或反感。\n\n③ 情绪表达强度（Emotional Expression）\n这不是情绪本身，而是表现出来的程度。\n\t• 强度低：克制、冷静\n\t• 强度中：符合大多数人预期\n\t• 强度高：反应明显、语调变化大\n\n如果你更在意实用性，建议略低于默认值。\n\n四、高级设置：个性稳定性（慎用）\n个性稳定性决定它\"会不会被你慢慢改变\"。\n\t• 高稳定：长期一致，不容易偏移\n\t• 中稳定：会随使用逐步微调\n\t• 低稳定：容易被当前环境影响\n\n不建议新用户调到最低，否则会感觉\"它不像自己了\"。\n\n五、设置后的适应期说明\n完成设置后：\n\t• 前 24 小时为内部模拟期\n\t• 表现可能略显生硬\n\t• 72 小时后进入稳定状态\n\n期间不要反复调整，否则系统会判定目标不明确。\n\n六、常见问题\n\nQ：能完全做成某个人的性格吗？\nA：不支持完全复制具体个人，以避免人格混淆风险。\n\nQ：设置后能恢复默认吗？\nA：支持一键回退，不影响历史使用数据。\n\nQ：个性会\"失控\"吗？\nA：不会，核心约束始终生效，个性只影响表达方式。",
  "tags": [
    "#个性设置",
    "#仿生人定制",
    "#行为模式",
    "#高级配置"
  ],
  "replies": [],
  "views": 328,
  "comments": 67,
  "status": "normal"
}
