{
  "title": "AI仿生人的未来功能Roadmap预测：从“能用”到“懂你”的进阶之路",
  "author": "行业观察员",
  "publishTime": "2025-12-12",
  "content": "从行业技术迭代规律与用户需求升级方向来看，AI仿生人的未来功能演进将围绕\"精准适配场景、深度理解用户\"展开。结合当前技术储备与市场反馈，可梳理出清晰的三年期功能Roadmap，下面用通俗的方式拆解这份\"成长计划\"，让大家看清仿生人的未来能力边界。\n\n短期1-2年：夯实基础功能，实现\"场景精准适配\"。这一阶段的核心是把现有交互功能做细做稳，比如家庭场景中，能精准区分\"打扫客厅\"和\"打扫孩子房间\"的不同需求，避开易碎品；办公场景里，可快速整理会议纪要并同步至团队文档。同时优化续航与环境适应力，在强光、嘈杂环境下也能稳定响应，就像一个\"靠谱的助手\"，把基础活干到位。\n\n中期2-3年：升级智能交互，具备\"深度情绪理解\"。此时仿生将突破\"只会执行指令\"的局限，能像朋友一样感知你的情绪变化——比如通过你的语气、表情判断你是否疲惫，主动递上温水并调低环境音量；照顾老人时，能识别孤独情绪并主动开启适宜的话题。同时新增跨场景协同能力，比如在户外帮你规划路线，回到家自动同步购物清单，形成服务闭环。\n\n长期3年以上：走向个性化定制，成为\"专属生活伙伴\"。基于用户长期行为数据，仿生将形成个性化服务模式——比如记住你的饮食偏好自动推荐菜谱，根据你的健康数据提醒运动；甚至能适配不同家庭成员的需求，对孩子耐心引导，对老人细致关怀。这一阶段的核心是\"千人千面\"，让仿生真正融入生活，成为不可替代的陪伴型角色。\n\n整体来看，AI仿生人的功能演进不是\"突然爆发\"，而是循序渐进的迭代升级。从基础助手到情绪伙伴，核心逻辑始终是\"以用户需求为核心\"。未来随着技术成熟，其功能边界还将持续拓展，但\"让生活更便捷、更温暖\"的核心定位不会改变。",
  "tags": [
    "#未来功能",
    "#Roadmap",
    "#仿生人发展",
    "#行业预测"
  ],
  "replies": [],
  "views": 1834,
  "comments": 298,
  "status": "featured"
}
